,Unnamed: 0,NHS England Region,Unnamed: 2,Code,Name,Up to 01-Mar-20,2020-03-01 00:00:00,2020-03-02 00:00:00,2020-03-03 00:00:00,2020-03-04 00:00:00,2020-03-05 00:00:00,2020-03-06 00:00:00,2020-03-07 00:00:00,2020-03-08 00:00:00,2020-03-09 00:00:00,2020-03-10 00:00:00,2020-03-11 00:00:00,2020-03-12 00:00:00,2020-03-13 00:00:00,2020-03-14 00:00:00,2020-03-15 00:00:00,2020-03-16 00:00:00,2020-03-17 00:00:00,2020-03-18 00:00:00,2020-03-19 00:00:00,2020-03-20 00:00:00,2020-03-21 00:00:00,2020-03-22 00:00:00,2020-03-23 00:00:00,2020-03-24 00:00:00,2020-03-25 00:00:00,2020-03-26 00:00:00,2020-03-27 00:00:00,2020-03-28 00:00:00,2020-03-29 00:00:00,2020-03-30 00:00:00,2020-03-31 00:00:00,2020-04-01 00:00:00,2020-04-02 00:00:00,2020-04-03 00:00:00,2020-04-04 00:00:00,2020-04-05 00:00:00,2020-04-06 00:00:00,2020-04-07 00:00:00,2020-04-08 00:00:00,Unnamed: 45,Awaiting verification,Unnamed: 47,Total,Unnamed: 49,Unnamed: 50,Unnamed: 51,Unnamed: 52,Unnamed: 53,Unnamed: 54,Unnamed: 55,Unnamed: 56,Unnamed: 57,Unnamed: 58,Unnamed: 59,Unnamed: 60,Unnamed: 61,Unnamed: 62,Unnamed: 63
0,,-,,-,ENGLAND,1.0,1.0,0.0,5.0,1.0,3.0,3.0,1.0,5.0,2.0,1.0,7.0,9.0,15.0,22.0,28.0,46.0,39.0,59.0,57.0,95.0,92.0,131.0,125.0,156.0,210.0,289.0,325.0,323.0,568.0,549.0,288.0,531.0,516.0,534.0,604.0,560.0,487.0,419.0,140.0,,1.0,,7248.0,,,,,,,,,,,,,,,
1,,,,,,,,,,,,,,,,,,,,,,,,,,,,,,,,,,,,,,,,,,,,,,,,,,,,,,,,,,,,,,,,
2,,East Of England,,NQ1,ANGLIAN COMMUNITY ENTERPRISE CIC - CLACTON HOSPITAL,0.0,0.0,0.0,0.0,0.0,0.0,0.0,0.0,0.0,0.0,0.0,0.0,0.0,0.0,0.0,0.0,0.0,0.0,0.0,0.0,0.0,0.0,0.0,0.0,0.0,0.0,0.0,0.0,0.0,0.0,0.0,0.0,0.0,0.0,0.0,0.0,0.0,0.0,1.0,0.0,,0.0,,1.0,,,,,,,,,,,,,,,
3,,East Of England,,NQ1,ANGLIAN COMMUNITY ENTERPRISE CIC - FRYATT HOSPITAL,0.0,0.0,0.0,0.0,0.0,0.0,0.0,0.0,0.0,0.0,0.0,0.0,0.0,0.0,0.0,0.0,0.0,0.0,0.0,0.0,0.0,0.0,0.0,0.0,0.0,0.0,0.0,0.0,0.0,0.0,0.0,0.0,0.0,0.0,0.0,0.0,0.0,0.0,1.0,0.0,,0.0,,1.0,,,,,,,,,,,,,,,
4,,East Of England,,RDD,BASILDON AND THURROCK UNIVERSITY HOSPITALS NHS FOUNDATION TRUST,0.0,0.0,0.0,1.0,0.0,0.0,0.0,0.0,0.0,0.0,0.0,0.0,0.0,0.0,1.0,0.0,0.0,0.0,0.0,1.0,0.0,0.0,0.0,0.0,2.0,1.0,4.0,4.0,1.0,7.0,14.0,2.0,7.0,5.0,6.0,8.0,7.0,7.0,5.0,3.0,,0.0,,86.0,,,,,,,,,,,,,,,
5,,East Of England,,RC1,BEDFORD HOSPITAL NHS TRUST,0.0,0.0,0.0,0.0,0.0,0.0,0.0,0.0,0.0,0.0,0.0,0.0,0.0,0.0,0.0,0.0,0.0,0.0,0.0,0.0,0.0,1.0,0.0,0.0,1.0,1.0,4.0,2.0,0.0,3.0,1.0,4.0,2.0,3.0,2.0,1.0,5.0,2.0,1.0,0.0,,0.0,,33.0,,,,,,,,,,,,,,,
6,,East Of England,,RGT,CAMBRIDGE UNIVERSITY HOSPITALS NHS FOUNDATION TRUST,0.0,0.0,0.0,0.0,0.0,0.0,0.0,0.0,0.0,0.0,0.0,0.0,0.0,0.0,0.0,0.0,0.0,0.0,0.0,0.0,0.0,1.0,0.0,0.0,0.0,0.0,0.0,0.0,2.0,0.0,2.0,1.0,2.0,1.0,4.0,1.0,1.0,1.0,2.0,0.0,,0.0,,18.0,,,,,,,,,,,,,,,
7,,East Of England,,RWH,EAST AND NORTH HERTFORDSHIRE NHS TRUST,0.0,0.0,0.0,0.0,0.0,0.0,0.0,0.0,0.0,0.0,0.0,0.0,0.0,0.0,0.0,0.0,0.0,0.0,0.0,1.0,0.0,0.0,0.0,1.0,2.0,1.0,1.0,1.0,2.0,3.0,4.0,2.0,2.0,9.0,3.0,4.0,5.0,3.0,4.0,3.0,,0.0,,51.0,,,,,,,,,,,,,,,
8,,East Of England,,RDE,EAST SUFFOLK AND NORTH ESSEX NHS FOUNDATION TRUST,0.0,0.0,0.0,0.0,0.0,0.0,0.0,0.0,0.0,0.0,0.0,0.0,0.0,0.0,0.0,0.0,0.0,0.0,1.0,0.0,0.0,1.0,1.0,0.0,1.0,3.0,4.0,5.0,3.0,4.0,7.0,1.0,4.0,8.0,3.0,7.0,4.0,4.0,5.0,0.0,,0.0,,66.0,,,,,,,,,,,,,,,
9,,East Of England,,R1L,ESSEX PARTNERSHIP UNIVERSITY NHS FOUNDATION TRUST,0.0,0.0,0.0,0.0,0.0,0.0,0.0,0.0,0.0,0.0,0.0,0.0,0.0,0.0,0.0,0.0,0.0,0.0,0.0,0.0,0.0,0.0,0.0,0.0,0.0,0.0,1.0,1.0,0.0,0.0,0.0,0.0,2.0,1.0,0.0,2.0,0.0,0.0,0.0,0.0,,0.0,,7.0,,,,,,,,,,,,,,,
10,,East Of England,,RY4,HERTFORDSHIRE COMMUNITY NHS TRUST,0.0,0.0,0.0,0.0,0.0,0.0,0.0,0.0,0.0,0.0,0.0,0.0,0.0,0.0,0.0,0.0,0.0,0.0,0.0,0.0,0.0,0.0,0.0,0.0,0.0,0.0,0.0,1.0,0.0,0.0,0.0,0.0,0.0,0.0,0.0,0.0,0.0,0.0,0.0,0.0,,0.0,,1.0,,,,,,,,,,,,,,,
11,,East Of England,,RWR,HERTFORDSHIRE PARTNERSHIP UNIVERSITY NHS FOUNDATION TRUST,0.0,0.0,0.0,0.0,0.0,0.0,0.0,0.0,0.0,0.0,0.0,0.0,0.0,0.0,0.0,0.0,0.0,0.0,0.0,0.0,0.0,0.0,0.0,0.0,0.0,0.0,0.0,0.0,0.0,0.0,0.0,0.0,0.0,0.0,0.0,0.0,0.0,1.0,0.0,0.0,,0.0,,1.0,,,,,,,,,,,,,,,
12,,East Of England,,RGP,JAMES PAGET UNIVERSITY HOSPITALS NHS FOUNDATION TRUST,0.0,0.0,0.0,0.0,0.0,0.0,0.0,0.0,0.0,0.0,0.0,0.0,0.0,0.0,0.0,0.0,0.0,0.0,0.0,0.0,0.0,0.0,0.0,0.0,0.0,0.0,0.0,0.0,1.0,1.0,2.0,2.0,0.0,4.0,3.0,2.0,5.0,1.0,1.0,1.0,,0.0,,23.0,,,,,,,,,,,,,,,
13,,East Of England,,RC9,LUTON AND DUNSTABLE UNIVERSITY HOSPITAL NHS FOUNDATION TRUST,0.0,0.0,0.0,0.0,0.0,0.0,0.0,0.0,0.0,0.0,0.0,0.0,0.0,0.0,0.0,0.0,0.0,0.0,0.0,0.0,0.0,2.0,1.0,0.0,0.0,2.0,2.0,4.0,4.0,7.0,3.0,1.0,1.0,6.0,3.0,5.0,8.0,1.0,1.0,0.0,,0.0,,51.0,,,,,,,,,,,,,,,
14,,East Of England,,RQ8,MID ESSEX HOSPITAL SERVICES NHS TRUST,0.0,0.0,0.0,2.0,0.0,0.0,0.0,0.0,0.0,0.0,0.0,0.0,0.0,1.0,0.0,0.0,1.0,0.0,0.0,0.0,0.0,0.0,1.0,1.0,3.0,2.0,5.0,2.0,1.0,5.0,5.0,4.0,3.0,3.0,2.0,4.0,4.0,3.0,2.0,1.0,,0.0,,55.0,,,,,,,,,,,,,,,
15,,East Of England,,RD8,MILTON KEYNES UNIVERSITY HOSPITAL NHS FOUNDATION TRUST,0.0,0.0,0.0,0.0,0.0,0.0,1.0,0.0,0.0,0.0,0.0,0.0,0.0,0.0,1.0,1.0,0.0,0.0,2.0,0.0,0.0,1.0,1.0,1.0,1.0,3.0,3.0,2.0,0.0,2.0,3.0,0.0,4.0,0.0,4.0,5.0,1.0,3.0,4.0,0.0,,0.0,,43.0,,,,,,,,,,,,,,,
16,,East Of England,,RM1,NORFOLK AND NORWICH UNIVERSITY HOSPITALS NHS FOUNDATION TRUST,0.0,0.0,0.0,0.0,0.0,0.0,0.0,0.0,0.0,0.0,0.0,0.0,0.0,0.0,0.0,0.0,0.0,0.0,0.0,0.0,1.0,0.0,1.0,0.0,0.0,2.0,0.0,2.0,2.0,2.0,3.0,4.0,2.0,1.0,4.0,1.0,4.0,1.0,0.0,4.0,,0.0,,34.0,,,,,,,,,,,,,,,
17,,East Of England,,RGN,NORTH WEST ANGLIA NHS FOUNDATION TRUST,0.0,0.0,0.0,0.0,0.0,0.0,0.0,0.0,0.0,0.0,0.0,0.0,0.0,0.0,0.0,0.0,0.0,0.0,0.0,0.0,1.0,2.0,0.0,2.0,0.0,1.0,1.0,1.0,1.0,0.0,2.0,2.0,1.0,1.0,5.0,3.0,0.0,2.0,4.0,2.0,,0.0,,31.0,,,,,,,,,,,,,,,
18,,East Of England,,RGM,ROYAL PAPWORTH HOSPITAL NHS FOUNDATION TRUST,0.0,0.0,0.0,0.0,0.0,0.0,0.0,0.0,0.0,0.0,0.0,0.0,0.0,0.0,0.0,0.0,0.0,0.0,0.0,0.0,0.0,0.0,0.0,0.0,0.0,0.0,0.0,0.0,0.0,0.0,0.0,0.0,1.0,0.0,1.0,0.0,0.0,0.0,1.0,0.0,,0.0,,3.0,,,,,,,,,,,,,,,
19,,East Of England,,RAJ,SOUTHEND UNIVERSITY HOSPITAL NHS FOUNDATION TRUST,0.0,0.0,0.0,0.0,1.0,0.0,0.0,0.0,0.0,0.0,0.0,0.0,0.0,0.0,0.0,0.0,0.0,0.0,0.0,0.0,0.0,0.0,2.0,2.0,1.0,1.0,2.0,1.0,2.0,5.0,1.0,2.0,8.0,4.0,5.0,2.0,5.0,3.0,1.0,0.0,,0.0,,48.0,,,,,,,,,,,,,,,
20,,East Of England,,RQW,THE PRINCESS ALEXANDRA HOSPITAL NHS TRUST,0.0,0.0,0.0,0.0,0.0,0.0,0.0,0.0,0.0,0.0,0.0,0.0,0.0,0.0,0.0,0.0,0.0,0.0,1.0,0.0,1.0,4.0,3.0,2.0,0.0,3.0,3.0,5.0,3.0,5.0,9.0,2.0,6.0,8.0,7.0,3.0,6.0,8.0,9.0,2.0,,0.0,,90.0,,,,,,,,,,,,,,,
21,,East Of England,,RCX,"THE QUEEN ELIZABETH HOSPITAL, KING'S LYNN, NHS FOUNDATION TRUST",0.0,0.0,0.0,0.0,0.0,0.0,0.0,0.0,0.0,0.0,0.0,0.0,0.0,0.0,0.0,0.0,0.0,1.0,1.0,0.0,0.0,0.0,0.0,0.0,0.0,0.0,2.0,1.0,1.0,3.0,4.0,1.0,1.0,2.0,3.0,2.0,2.0,2.0,4.0,0.0,,0.0,,30.0,99.0,100.0,101.0,102.0,103.0,104.0,105.0,106.0,107.0,108.0,109.0,110.0,111.0,112.0,113.0
22,,East Of England,,RWG,WEST HERTFORDSHIRE HOSPITALS NHS TRUST,0.0,0.0,0.0,0.0,0.0,0.0,0.0,0.0,0.0,1.0,0.0,0.0,0.0,0.0,0.0,0.0,0.0,0.0,0.0,0.0,0.0,1.0,3.0,2.0,4.0,2.0,0.0,1.0,2.0,3.0,8.0,0.0,6.0,8.0,5.0,2.0,5.0,1.0,5.0,3.0,,0.0,,62.0,,,,,,,,,,,,,,,
23,,East Of England,,RGR,WEST SUFFOLK NHS FOUNDATION TRUST,0.0,0.0,0.0,0.0,0.0,0.0,0.0,0.0,0.0,0.0,0.0,0.0,0.0,0.0,0.0,0.0,0.0,0.0,0.0,1.0,0.0,0.0,0.0,0.0,2.0,0.0,0.0,2.0,0.0,0.0,2.0,1.0,0.0,0.0,1.0,0.0,0.0,1.0,0.0,1.0,,0.0,,11.0,,,,,,,,,,,,,,,
24,,London,,RF4,"BARKING, HAVERING AND REDBRIDGE UNIVERSITY HOSPITALS NHS TRUST",0.0,0.0,0.0,0.0,0.0,0.0,0.0,0.0,0.0,0.0,0.0,1.0,0.0,1.0,2.0,3.0,0.0,2.0,2.0,1.0,3.0,2.0,1.0,2.0,3.0,6.0,8.0,2.0,3.0,13.0,12.0,2.0,14.0,10.0,4.0,1.0,0.0,0.0,0.0,0.0,,0.0,,98.0,,,,,,,,,,,,,,,
25,,London,,R1H,BARTS HEALTH NHS TRUST,0.0,0.0,0.0,0.0,0.0,0.0,1.0,0.0,0.0,0.0,0.0,0.0,0.0,2.0,1.0,0.0,2.0,2.0,0.0,1.0,2.0,1.0,4.0,3.0,3.0,6.0,11.0,15.0,10.0,19.0,14.0,10.0,10.0,7.0,10.0,11.0,14.0,13.0,9.0,8.0,,0.0,,189.0,,,,,,,,,,,,,,,
26,,London,,RV3,CENTRAL AND NORTH WEST LONDON NHS FOUNDATION TRUST,0.0,0.0,0.0,0.0,0.0,0.0,0.0,0.0,0.0,0.0,0.0,0.0,0.0,0.0,0.0,0.0,0.0,0.0,0.0,0.0,0.0,0.0,0.0,0.0,0.0,0.0,0.0,0.0,0.0,0.0,1.0,0.0,1.0,0.0,0.0,0.0,0.0,0.0,0.0,0.0,,0.0,,2.0,,,,,,,,,,,,,,,
27,,London,,RQM,CHELSEA AND WESTMINSTER HOSPITAL NHS FOUNDATION TRUST,0.0,0.0,0.0,0.0,0.0,0.0,0.0,0.0,0.0,0.0,0.0,0.0,0.0,0.0,0.0,0.0,0.0,0.0,3.0,0.0,1.0,0.0,0.0,0.0,0.0,2.0,4.0,2.0,5.0,6.0,4.0,3.0,6.0,7.0,6.0,8.0,10.0,6.0,7.0,5.0,,0.0,,85.0,,,,,,,,,,,,,,,
28,,London,,RJ6,CROYDON HEALTH SERVICES NHS TRUST,0.0,0.0,0.0,0.0,0.0,0.0,0.0,0.0,0.0,0.0,0.0,0.0,0.0,0.0,0.0,0.0,0.0,2.0,1.0,0.0,3.0,3.0,4.0,1.0,7.0,4.0,9.0,6.0,6.0,12.0,11.0,2.0,6.0,6.0,9.0,13.0,11.0,8.0,10.0,2.0,,0.0,,136.0,,,,,,,,,,,,,,,
29,,London,,RWK,EAST LONDON NHS FOUNDATION TRUST,0.0,0.0,0.0,0.0,0.0,0.0,0.0,0.0,0.0,0.0,0.0,0.0,0.0,0.0,0.0,0.0,0.0,0.0,0.0,0.0,0.0,0.0,0.0,0.0,0.0,0.0,0.0,0.0,0.0,0.0,0.0,0.0,0.0,1.0,1.0,0.0,3.0,0.0,0.0,0.0,,0.0,,5.0,,,,,,,,,,,,,,,
30,,London,,RVR,EPSOM AND ST HELIER UNIVERSITY HOSPITALS NHS TRUST,0.0,0.0,0.0,0.0,0.0,0.0,0.0,0.0,0.0,1.0,0.0,0.0,0.0,0.0,2.0,0.0,3.0,4.0,0.0,2.0,0.0,6.0,8.0,2.0,3.0,3.0,8.0,4.0,6.0,6.0,10.0,0.0,13.0,5.0,7.0,15.0,7.0,4.0,3.0,0.0,,0.0,,122.0,,,,,,,,,,,,,,,
31,,London,,RJ1,GUY'S AND ST THOMAS' NHS FOUNDATION TRUST,0.0,0.0,0.0,0.0,0.0,0.0,0.0,0.0,0.0,0.0,0.0,0.0,0.0,0.0,1.0,0.0,0.0,0.0,1.0,0.0,2.0,3.0,1.0,4.0,1.0,1.0,4.0,5.0,4.0,4.0,1.0,0.0,6.0,4.0,1.0,6.0,2.0,1.0,1.0,1.0,,0.0,,54.0,,,,,,,,,,,,,,,
32,,London,,NW6,HCA UK - The Lister,0.0,0.0,0.0,0.0,0.0,0.0,0.0,0.0,0.0,0.0,0.0,0.0,0.0,0.0,0.0,0.0,0.0,0.0,0.0,0.0,0.0,0.0,0.0,0.0,0.0,0.0,0.0,0.0,0.0,0.0,0.0,0.0,0.0,0.0,1.0,0.0,0.0,0.0,0.0,0.0,,0.0,,1.0,,,,,,,,,,,,,,,
33,,London,,NW6,HCA UK - The Princess Grace,0.0,0.0,0.0,0.0,0.0,0.0,0.0,0.0,0.0,0.0,0.0,0.0,0.0,0.0,0.0,0.0,0.0,0.0,0.0,0.0,0.0,0.0,0.0,0.0,0.0,1.0,0.0,1.0,0.0,0.0,0.0,0.0,0.0,0.0,0.0,0.0,0.0,0.0,0.0,0.0,,0.0,,2.0,,,,,,,,,,,,,,,
34,,London,,NW6,HCA UK - The Wellington Hospital North Building,0.0,0.0,0.0,0.0,0.0,0.0,0.0,0.0,0.0,0.0,0.0,0.0,0.0,0.0,0.0,0.0,0.0,0.0,0.0,0.0,0.0,0.0,0.0,0.0,0.0,0.0,0.0,0.0,1.0,0.0,0.0,1.0,0.0,0.0,0.0,1.0,0.0,0.0,0.0,0.0,,0.0,,3.0,,,,,,,,,,,,,,,
35,,London,,RQX,HOMERTON UNIVERSITY HOSPITAL NHS FOUNDATION TRUST,0.0,0.0,0.0,0.0,0.0,0.0,0.0,0.0,0.0,0.0,0.0,0.0,0.0,0.0,0.0,0.0,0.0,1.0,1.0,0.0,0.0,0.0,0.0,2.0,3.0,4.0,2.0,5.0,3.0,3.0,3.0,4.0,3.0,0.0,3.0,8.0,1.0,2.0,7.0,1.0,,0.0,,56.0,,,,,,,,,,,,,,,
36,,London,,RYJ,IMPERIAL COLLEGE HEALTHCARE NHS TRUST,0.0,0.0,0.0,0.0,0.0,0.0,0.0,0.0,0.0,0.0,0.0,1.0,0.0,0.0,0.0,2.0,0.0,3.0,2.0,4.0,0.0,4.0,4.0,2.0,3.0,2.0,7.0,7.0,12.0,15.0,10.0,3.0,11.0,6.0,12.0,15.0,3.0,1.0,1.0,1.0,,0.0,,131.0,,,,,,,,,,,,,,,
37,,London,,RJZ,KING'S COLLEGE HOSPITAL NHS FOUNDATION TRUST,0.0,0.0,0.0,0.0,0.0,0.0,0.0,1.0,0.0,0.0,0.0,0.0,1.0,0.0,0.0,0.0,1.0,2.0,3.0,1.0,2.0,4.0,2.0,2.0,6.0,8.0,5.0,10.0,9.0,14.0,23.0,9.0,14.0,17.0,17.0,15.0,10.0,11.0,12.0,5.0,,0.0,,204.0,,,,,,,,,,,,,,,
38,,London,,RAX,KINGSTON HOSPITAL NHS FOUNDATION TRUST,0.0,0.0,0.0,0.0,0.0,0.0,0.0,0.0,0.0,0.0,0.0,0.0,0.0,0.0,0.0,0.0,0.0,0.0,0.0,0.0,0.0,2.0,2.0,1.0,1.0,4.0,2.0,1.0,3.0,0.0,5.0,6.0,6.0,7.0,2.0,3.0,3.0,2.0,5.0,3.0,,0.0,,58.0,,,,,,,,,,,,,,,
39,,London,,RJ2,LEWISHAM AND GREENWICH NHS TRUST,0.0,0.0,0.0,0.0,0.0,0.0,0.0,0.0,0.0,0.0,0.0,1.0,0.0,0.0,1.0,0.0,3.0,1.0,1.0,1.0,2.0,1.0,2.0,1.0,3.0,3.0,5.0,10.0,3.0,9.0,11.0,8.0,5.0,8.0,5.0,10.0,9.0,12.0,3.0,0.0,,0.0,,118.0,,,,,,,,,,,,,,,
40,,London,,R1K,LONDON NORTH WEST UNIVERSITY HEALTHCARE NHS TRUST,0.0,0.0,0.0,0.0,0.0,0.0,0.0,0.0,0.0,0.0,0.0,0.0,0.0,1.0,1.0,1.0,3.0,1.0,2.0,5.0,8.0,8.0,5.0,6.0,1.0,10.0,10.0,8.0,17.0,24.0,14.0,23.0,13.0,7.0,14.0,9.0,11.0,11.0,14.0,1.0,,0.0,,228.0,,,,,,,,,,,,,,,
41,,London,,RAT,NORTH EAST LONDON NHS FOUNDATION TRUST,0.0,0.0,0.0,0.0,0.0,0.0,0.0,0.0,0.0,0.0,0.0,0.0,0.0,0.0,0.0,0.0,0.0,0.0,0.0,0.0,0.0,0.0,0.0,1.0,0.0,0.0,0.0,0.0,0.0,0.0,0.0,0.0,0.0,1.0,0.0,0.0,0.0,0.0,0.0,0.0,,0.0,,2.0,,,,,,,,,,,,,,,
42,,London,,RAP,NORTH MIDDLESEX UNIVERSITY HOSPITAL NHS TRUST,0.0,0.0,0.0,0.0,0.0,0.0,0.0,0.0,0.0,0.0,0.0,0.0,0.0,1.0,1.0,0.0,1.0,0.0,3.0,0.0,0.0,1.0,1.0,1.0,4.0,3.0,8.0,5.0,4.0,7.0,8.0,5.0,6.0,11.0,11.0,10.0,7.0,14.0,2.0,0.0,,0.0,,114.0,,,,,,,,,,,,,,,
43,,London,,RPG,OXLEAS NHS FOUNDATION TRUST,0.0,0.0,0.0,0.0,0.0,0.0,0.0,0.0,0.0,0.0,0.0,0.0,0.0,0.0,0.0,0.0,0.0,0.0,0.0,0.0,0.0,0.0,0.0,0.0,0.0,0.0,0.0,0.0,0.0,0.0,0.0,0.0,0.0,1.0,0.0,0.0,0.0,0.0,0.0,0.0,,0.0,,1.0,,,,,,,,,,,,,,,
44,,London,,RT3,ROYAL BROMPTON & HAREFIELD NHS FOUNDATION TRUST,0.0,0.0,0.0,0.0,0.0,0.0,0.0,0.0,0.0,0.0,0.0,0.0,0.0,0.0,0.0,0.0,0.0,0.0,0.0,0.0,0.0,0.0,0.0,1.0,1.0,0.0,0.0,1.0,0.0,2.0,0.0,0.0,0.0,1.0,0.0,0.0,0.0,1.0,0.0,0.0,,0.0,,7.0,,,,,,,,,,,,,,,
45,,London,,RAL,ROYAL FREE LONDON NHS FOUNDATION TRUST,0.0,0.0,0.0,0.0,0.0,0.0,0.0,0.0,0.0,0.0,0.0,1.0,0.0,0.0,0.0,0.0,0.0,0.0,1.0,0.0,5.0,5.0,3.0,2.0,5.0,9.0,6.0,11.0,10.0,19.0,13.0,9.0,15.0,13.0,12.0,13.0,12.0,14.0,11.0,0.0,,0.0,,189.0,,,,,,,,,,,,,,,
46,,London,,NN1,Royal Hospital for Neuro-Disability â€“ West Hill,0.0,0.0,0.0,0.0,0.0,0.0,0.0,0.0,0.0,0.0,0.0,0.0,0.0,0.0,0.0,0.0,0.0,0.0,0.0,0.0,0.0,0.0,0.0,0.0,0.0,1.0,1.0,0.0,0.0,0.0,0.0,0.0,0.0,0.0,1.0,0.0,0.0,0.0,0.0,0.0,,0.0,,3.0,,,,,,,,,,,,,,,
47,,London,,RV5,SOUTH LONDON AND MAUDSLEY NHS FOUNDATION TRUST,0.0,0.0,0.0,0.0,0.0,0.0,0.0,0.0,0.0,0.0,0.0,0.0,0.0,0.0,0.0,0.0,0.0,0.0,0.0,0.0,0.0,0.0,0.0,0.0,0.0,0.0,0.0,0.0,0.0,0.0,0.0,0.0,0.0,0.0,0.0,0.0,0.0,1.0,0.0,1.0,,0.0,,2.0,,,,,,,,,,,,,,,
48,,London,,RQY,SOUTH WEST LONDON AND ST GEORGE'S MENTAL HEALTH NHS TRUST,0.0,0.0,0.0,0.0,0.0,0.0,0.0,0.0,0.0,0.0,0.0,0.0,0.0,0.0,0.0,0.0,0.0,0.0,0.0,0.0,1.0,0.0,0.0,0.0,0.0,0.0,0.0,0.0,0.0,0.0,0.0,0.0,0.0,0.0,0.0,0.0,0.0,0.0,0.0,0.0,,0.0,,1.0,,,,,,,,,,,,,,,
49,,London,,RJ7,ST GEORGE'S UNIVERSITY HOSPITALS NHS FOUNDATION TRUST,0.0,0.0,0.0,0.0,0.0,0.0,0.0,0.0,0.0,0.0,0.0,0.0,1.0,1.0,1.0,0.0,2.0,1.0,1.0,3.0,8.0,3.0,0.0,0.0,0.0,5.0,13.0,9.0,5.0,5.0,10.0,4.0,8.0,6.0,12.0,12.0,12.0,11.0,1.0,0.0,,0.0,,134.0,,,,,,,,,,,,,,,
50,,London,,RAS,THE HILLINGDON HOSPITALS NHS FOUNDATION TRUST,0.0,0.0,0.0,0.0,0.0,0.0,0.0,0.0,0.0,0.0,0.0,0.0,0.0,0.0,0.0,0.0,0.0,0.0,2.0,0.0,0.0,1.0,1.0,0.0,5.0,2.0,3.0,5.0,5.0,9.0,3.0,1.0,6.0,5.0,7.0,6.0,7.0,5.0,2.0,1.0,,0.0,,76.0,,,,,,,,,,,,,,,
51,,London,,RPY,THE ROYAL MARSDEN NHS FOUNDATION TRUST,0.0,0.0,0.0,0.0,0.0,0.0,0.0,0.0,0.0,0.0,0.0,0.0,0.0,0.0,0.0,0.0,0.0,0.0,0.0,0.0,0.0,0.0,0.0,0.0,0.0,0.0,0.0,0.0,0.0,0.0,0.0,1.0,0.0,0.0,0.0,1.0,0.0,1.0,0.0,0.0,,0.0,,3.0,,,,,,,,,,,,,,,
52,,London,,RRV,UNIVERSITY COLLEGE LONDON HOSPITALS NHS FOUNDATION TRUST,0.0,0.0,0.0,0.0,0.0,0.0,0.0,0.0,0.0,0.0,0.0,0.0,0.0,0.0,2.0,3.0,1.0,0.0,0.0,1.0,4.0,0.0,1.0,0.0,0.0,0.0,3.0,3.0,4.0,4.0,2.0,6.0,4.0,4.0,0.0,6.0,4.0,3.0,2.0,0.0,,0.0,,57.0,,,,,,,,,,,,,,,
53,,London,,RKE,WHITTINGTON HEALTH NHS TRUST,0.0,0.0,0.0,0.0,0.0,0.0,0.0,0.0,0.0,0.0,0.0,0.0,0.0,0.0,0.0,0.0,0.0,0.0,1.0,0.0,0.0,1.0,1.0,0.0,1.0,3.0,3.0,6.0,2.0,1.0,1.0,4.0,4.0,1.0,4.0,2.0,2.0,2.0,0.0,0.0,,0.0,,39.0,,,,,,,,,,,,,,,
54,,Midlands,,RYW,BIRMINGHAM COMMUNITY HEALTHCARE NHS FOUNDATION TRUST,0.0,0.0,0.0,0.0,0.0,0.0,0.0,0.0,0.0,0.0,0.0,0.0,0.0,0.0,0.0,0.0,0.0,0.0,0.0,0.0,0.0,0.0,0.0,0.0,0.0,0.0,0.0,0.0,0.0,0.0,1.0,0.0,0.0,1.0,0.0,0.0,0.0,1.0,2.0,0.0,,0.0,,5.0,,,,,,,,,,,,,,,
55,,Midlands,,RFS,CHESTERFIELD ROYAL HOSPITAL NHS FOUNDATION TRUST,0.0,0.0,0.0,0.0,0.0,0.0,0.0,0.0,0.0,0.0,0.0,0.0,0.0,0.0,0.0,0.0,0.0,0.0,0.0,0.0,0.0,0.0,0.0,0.0,1.0,2.0,1.0,2.0,0.0,3.0,3.0,0.0,2.0,1.0,1.0,2.0,7.0,4.0,2.0,1.0,,0.0,,32.0,,,,,,,,,,,,,,,
56,,Midlands,,RY8,DERBYSHIRE COMMUNITY HEALTH SERVICES NHS FOUNDATION TRUST,0.0,0.0,0.0,0.0,0.0,0.0,0.0,0.0,0.0,0.0,0.0,0.0,0.0,0.0,0.0,0.0,0.0,0.0,0.0,0.0,0.0,0.0,0.0,0.0,0.0,0.0,0.0,0.0,1.0,0.0,0.0,0.0,0.0,0.0,0.0,0.0,0.0,0.0,0.0,0.0,,0.0,,1.0,,,,,,,,,,,,,,,
57,,Midlands,,RXM,DERBYSHIRE HEALTHCARE NHS FOUNDATION TRUST,0.0,0.0,0.0,0.0,0.0,0.0,0.0,0.0,0.0,0.0,0.0,0.0,0.0,0.0,0.0,0.0,0.0,0.0,0.0,0.0,0.0,0.0,0.0,0.0,0.0,0.0,0.0,0.0,0.0,0.0,0.0,0.0,0.0,0.0,0.0,0.0,0.0,1.0,0.0,0.0,,0.0,,1.0,,,,,,,,,,,,,,,
58,,Midlands,,RLT,GEORGE ELIOT HOSPITAL NHS TRUST,0.0,0.0,0.0,0.0,0.0,0.0,0.0,0.0,0.0,0.0,0.0,1.0,0.0,1.0,0.0,1.0,0.0,0.0,1.0,2.0,1.0,1.0,0.0,1.0,0.0,5.0,2.0,2.0,0.0,5.0,0.0,0.0,0.0,0.0,0.0,0.0,0.0,0.0,0.0,0.0,,0.0,,23.0,,,,,,,,,,,,,,,
59,,Midlands,,RNQ,KETTERING GENERAL HOSPITAL NHS FOUNDATION TRUST,0.0,0.0,0.0,0.0,0.0,0.0,0.0,0.0,0.0,0.0,0.0,0.0,0.0,0.0,0.0,0.0,2.0,0.0,0.0,0.0,0.0,0.0,0.0,1.0,0.0,0.0,2.0,0.0,1.0,3.0,1.0,3.0,1.0,5.0,6.0,1.0,5.0,3.0,0.0,0.0,,0.0,,34.0,,,,,,,,,,,,,,,
60,,Midlands,,RNS,NORTHAMPTON GENERAL HOSPITAL NHS TRUST,0.0,0.0,0.0,0.0,0.0,0.0,0.0,0.0,0.0,0.0,0.0,0.0,0.0,0.0,0.0,0.0,1.0,0.0,0.0,0.0,0.0,0.0,0.0,0.0,0.0,0.0,1.0,5.0,0.0,7.0,1.0,0.0,2.0,1.0,3.0,5.0,3.0,2.0,5.0,0.0,,0.0,,36.0,,,,,,,,,,,,,,,
61,,Midlands,,RHA,NOTTINGHAMSHIRE HEALTHCARE NHS FOUNDATION TRUST,0.0,0.0,0.0,0.0,0.0,0.0,0.0,0.0,0.0,0.0,0.0,0.0,0.0,0.0,0.0,0.0,0.0,0.0,0.0,0.0,0.0,0.0,0.0,0.0,0.0,0.0,0.0,0.0,0.0,0.0,0.0,0.0,1.0,0.0,0.0,1.0,0.0,0.0,0.0,0.0,,0.0,,2.0,,,,,,,,,,,,,,,
62,,Midlands,,RX1,NOTTINGHAM UNIVERSITY HOSPITALS NHS TRUST,0.0,0.0,0.0,1.0,0.0,0.0,0.0,0.0,0.0,0.0,0.0,0.0,0.0,1.0,0.0,0.0,1.0,0.0,2.0,0.0,0.0,0.0,3.0,0.0,4.0,4.0,1.0,5.0,4.0,2.0,2.0,0.0,6.0,2.0,3.0,12.0,2.0,9.0,7.0,0.0,,0.0,,71.0,,,,,,,,,,,,,,,
63,,Midlands,,RXK,SANDWELL AND WEST BIRMINGHAM HOSPITALS NHS TRUST,1.0,0.0,0.0,0.0,0.0,0.0,0.0,0.0,0.0,0.0,0.0,0.0,1.0,1.0,0.0,0.0,6.0,1.0,5.0,3.0,1.0,1.0,2.0,7.0,2.0,1.0,4.0,5.0,6.0,14.0,15.0,4.0,7.0,6.0,5.0,10.0,4.0,4.0,0.0,0.0,,0.0,,116.0,,,,,,,,,,,,,,,
64,,Midlands,,RK5,SHERWOOD FOREST HOSPITALS NHS FOUNDATION TRUST,0.0,0.0,0.0,0.0,0.0,0.0,0.0,0.0,0.0,0.0,0.0,0.0,0.0,0.0,0.0,0.0,0.0,0.0,0.0,0.0,0.0,0.0,2.0,0.0,2.0,0.0,2.0,1.0,1.0,3.0,2.0,9.0,3.0,2.0,4.0,3.0,7.0,3.0,6.0,1.0,,0.0,,51.0,,,,,,,,,,,,,,,
65,,Midlands,,RXW,SHREWSBURY AND TELFORD HOSPITAL NHS TRUST,0.0,0.0,0.0,0.0,0.0,0.0,0.0,0.0,0.0,0.0,0.0,0.0,0.0,0.0,0.0,1.0,0.0,0.0,0.0,1.0,0.0,1.0,0.0,0.0,0.0,0.0,3.0,2.0,4.0,3.0,2.0,1.0,3.0,2.0,4.0,4.0,3.0,0.0,1.0,1.0,,0.0,,36.0,,,,,,,,,,,,,,,
66,,Midlands,,RJC,SOUTH WARWICKSHIRE NHS FOUNDATION TRUST,0.0,0.0,0.0,0.0,0.0,0.0,0.0,0.0,0.0,0.0,0.0,0.0,0.0,0.0,0.0,0.0,0.0,0.0,0.0,0.0,0.0,1.0,0.0,1.0,1.0,1.0,1.0,0.0,1.0,2.0,2.0,1.0,1.0,3.0,1.0,6.0,6.0,5.0,2.0,1.0,,0.0,,36.0,,,,,,,,,,,,,,,
67,,Midlands,,RNA,THE DUDLEY GROUP NHS FOUNDATION TRUST,0.0,0.0,0.0,0.0,0.0,0.0,0.0,0.0,1.0,0.0,0.0,0.0,1.0,2.0,0.0,1.0,2.0,0.0,0.0,1.0,2.0,2.0,0.0,1.0,3.0,3.0,6.0,5.0,3.0,9.0,10.0,8.0,8.0,14.0,9.0,5.0,3.0,6.0,5.0,0.0,,0.0,,110.0,,,,,,,,,,,,,,,
68,,Midlands,,RL1,THE ROBERT JONES AND AGNES HUNT ORTHOPAEDIC HOSPITAL NHS FOUNDATION TRUST,0.0,0.0,0.0,0.0,0.0,0.0,0.0,0.0,0.0,0.0,0.0,0.0,0.0,0.0,0.0,0.0,0.0,0.0,0.0,0.0,0.0,0.0,0.0,0.0,0.0,0.0,0.0,0.0,0.0,0.0,0.0,0.0,0.0,0.0,0.0,1.0,0.0,0.0,0.0,0.0,,0.0,,1.0,,,,,,,,,,,,,,,
69,,Midlands,,RRJ,THE ROYAL ORTHOPAEDIC HOSPITAL NHS FOUNDATION TRUST,0.0,0.0,0.0,0.0,0.0,0.0,0.0,0.0,0.0,0.0,0.0,0.0,0.0,0.0,0.0,0.0,0.0,0.0,0.0,0.0,0.0,0.0,0.0,0.0,0.0,0.0,0.0,0.0,0.0,0.0,0.0,0.0,1.0,0.0,0.0,0.0,0.0,0.0,0.0,0.0,,0.0,,1.0,,,,,,,,,,,,,,,
70,,Midlands,,RL4,THE ROYAL WOLVERHAMPTON NHS TRUST,0.0,0.0,0.0,0.0,0.0,0.0,0.0,0.0,2.0,0.0,0.0,0.0,1.0,0.0,2.0,1.0,1.0,4.0,1.0,1.0,6.0,1.0,2.0,5.0,4.0,7.0,3.0,2.0,8.0,6.0,7.0,3.0,13.0,10.0,8.0,8.0,7.0,5.0,6.0,2.0,,0.0,,126.0,,,,,,,,,,,,,,,
71,,Midlands,,RWD,UNITED LINCOLNSHIRE HOSPITALS NHS TRUST,0.0,1.0,0.0,0.0,0.0,0.0,0.0,0.0,0.0,0.0,0.0,0.0,0.0,0.0,0.0,0.0,0.0,0.0,0.0,0.0,0.0,0.0,0.0,0.0,0.0,0.0,2.0,3.0,1.0,2.0,3.0,1.0,3.0,8.0,3.0,1.0,4.0,1.0,1.0,2.0,,0.0,,36.0,,,,,,,,,,,,,,,
72,,Midlands,,RRK,UNIVERSITY HOSPITALS BIRMINGHAM NHS FOUNDATION TRUST,0.0,0.0,0.0,0.0,0.0,0.0,0.0,0.0,0.0,0.0,0.0,0.0,0.0,0.0,1.0,1.0,0.0,1.0,1.0,2.0,5.0,2.0,9.0,5.0,5.0,12.0,13.0,19.0,21.0,39.0,25.0,1.0,26.0,26.0,17.0,24.0,35.0,16.0,0.0,0.0,,0.0,,306.0,,,,,,,,,,,,,,,
73,,Midlands,,RKB,UNIVERSITY HOSPITALS COVENTRY AND WARWICKSHIRE NHS TRUST,0.0,0.0,0.0,0.0,0.0,0.0,0.0,0.0,0.0,0.0,0.0,0.0,0.0,0.0,0.0,0.0,0.0,0.0,1.0,0.0,0.0,0.0,2.0,3.0,4.0,1.0,2.0,2.0,5.0,9.0,5.0,5.0,9.0,4.0,7.0,2.0,6.0,4.0,2.0,6.0,,0.0,,79.0,,,,,,,,,,,,,,,
74,,Midlands,,RTG,UNIVERSITY HOSPITALS OF DERBY AND BURTON NHS FOUNDATION TRUST,0.0,0.0,0.0,0.0,0.0,0.0,0.0,0.0,0.0,0.0,0.0,0.0,0.0,0.0,0.0,0.0,0.0,1.0,0.0,0.0,3.0,0.0,2.0,5.0,2.0,2.0,6.0,4.0,7.0,7.0,21.0,9.0,5.0,8.0,11.0,8.0,15.0,12.0,10.0,0.0,,0.0,,138.0,,,,,,,,,,,,,,,
75,,Midlands,,RWE,UNIVERSITY HOSPITALS OF LEICESTER NHS TRUST,0.0,0.0,0.0,0.0,0.0,0.0,0.0,0.0,0.0,0.0,0.0,0.0,1.0,0.0,1.0,0.0,1.0,0.0,1.0,0.0,0.0,0.0,6.0,0.0,5.0,2.0,0.0,2.0,5.0,8.0,4.0,1.0,9.0,9.0,8.0,7.0,3.0,3.0,2.0,0.0,,0.0,,78.0,,,,,,,,,,,,,,,
76,,Midlands,,RJE,UNIVERSITY HOSPITALS OF NORTH MIDLANDS NHS TRUST,0.0,0.0,0.0,0.0,0.0,0.0,0.0,0.0,0.0,0.0,0.0,0.0,0.0,0.0,0.0,0.0,0.0,0.0,0.0,0.0,3.0,0.0,0.0,0.0,0.0,1.0,2.0,4.0,2.0,4.0,4.0,2.0,8.0,6.0,9.0,8.0,7.0,8.0,1.0,2.0,,0.0,,71.0,,,,,,,,,,,,,,,
77,,Midlands,,RBK,WALSALL HEALTHCARE NHS TRUST,0.0,0.0,0.0,0.0,0.0,0.0,0.0,0.0,0.0,0.0,0.0,0.0,1.0,0.0,0.0,0.0,1.0,0.0,0.0,0.0,0.0,0.0,1.0,1.0,3.0,1.0,2.0,6.0,4.0,5.0,5.0,1.0,3.0,3.0,0.0,0.0,0.0,0.0,0.0,0.0,,0.0,,37.0,,,,,,,,,,,,,,,
78,,Midlands,,RWP,WORCESTERSHIRE ACUTE HOSPITALS NHS TRUST,0.0,0.0,0.0,0.0,0.0,0.0,0.0,0.0,0.0,0.0,0.0,0.0,0.0,0.0,0.0,0.0,0.0,0.0,0.0,0.0,2.0,2.0,1.0,1.0,1.0,3.0,4.0,2.0,3.0,4.0,2.0,4.0,4.0,7.0,2.0,5.0,3.0,0.0,1.0,1.0,,0.0,,52.0,,,,,,,,,,,,,,,
79,,Midlands,,R1A,WORCESTERSHIRE HEALTH AND CARE NHS TRUST,0.0,0.0,0.0,0.0,0.0,0.0,0.0,0.0,0.0,0.0,0.0,0.0,0.0,0.0,0.0,0.0,0.0,0.0,0.0,0.0,0.0,0.0,0.0,0.0,0.0,0.0,1.0,0.0,0.0,0.0,0.0,0.0,0.0,1.0,0.0,1.0,0.0,0.0,1.0,0.0,,0.0,,4.0,,,,,,,,,,,,,,,
80,,Midlands,,RLQ,WYE VALLEY NHS TRUST,0.0,0.0,0.0,0.0,0.0,0.0,0.0,0.0,0.0,0.0,0.0,0.0,0.0,0.0,0.0,0.0,0.0,0.0,0.0,0.0,0.0,0.0,0.0,0.0,0.0,0.0,0.0,0.0,1.0,0.0,1.0,2.0,1.0,2.0,0.0,0.0,0.0,0.0,1.0,0.0,,0.0,,8.0,,,,,,,,,,,,,,,
81,,North East And Yorkshire,,RCF,AIREDALE NHS FOUNDATION TRUST,0.0,0.0,0.0,0.0,0.0,0.0,0.0,0.0,0.0,0.0,0.0,0.0,0.0,0.0,0.0,0.0,0.0,0.0,1.0,0.0,0.0,0.0,0.0,0.0,0.0,0.0,1.0,0.0,2.0,1.0,3.0,2.0,1.0,0.0,0.0,4.0,0.0,4.0,2.0,2.0,,0.0,,23.0,,,,,,,,,,,,,,,
82,,North East And Yorkshire,,RFF,BARNSLEY HOSPITAL NHS FOUNDATION TRUST,0.0,0.0,0.0,0.0,0.0,0.0,0.0,0.0,0.0,0.0,0.0,0.0,0.0,0.0,0.0,0.0,0.0,0.0,0.0,0.0,0.0,0.0,0.0,0.0,0.0,0.0,1.0,1.0,1.0,3.0,2.0,3.0,1.0,1.0,3.0,3.0,2.0,3.0,5.0,2.0,,0.0,,31.0,,,,,,,,,,,,,,,
83,,North East And Yorkshire,,RAE,BRADFORD TEACHING HOSPITALS NHS FOUNDATION TRUST,0.0,0.0,0.0,0.0,0.0,0.0,0.0,0.0,0.0,0.0,0.0,0.0,0.0,0.0,0.0,0.0,0.0,0.0,0.0,0.0,0.0,0.0,0.0,0.0,0.0,0.0,0.0,1.0,2.0,2.0,4.0,3.0,2.0,3.0,0.0,2.0,3.0,2.0,1.0,2.0,,0.0,,27.0,,,,,,,,,,,,,,,
84,,North East And Yorkshire,,RWY,CALDERDALE AND HUDDERSFIELD NHS FOUNDATION TRUST,0.0,0.0,0.0,0.0,0.0,0.0,0.0,0.0,0.0,0.0,0.0,0.0,0.0,0.0,0.0,0.0,0.0,0.0,0.0,0.0,0.0,0.0,0.0,1.0,0.0,0.0,0.0,1.0,1.0,6.0,5.0,0.0,3.0,7.0,5.0,4.0,3.0,4.0,4.0,4.0,,0.0,,48.0,,,,,,,,,,,,,,,
85,,North East And Yorkshire,,RXP,COUNTY DURHAM AND DARLINGTON NHS FOUNDATION TRUST,0.0,0.0,0.0,0.0,0.0,0.0,0.0,0.0,0.0,0.0,0.0,0.0,0.0,0.0,0.0,0.0,0.0,0.0,0.0,0.0,1.0,1.0,1.0,1.0,0.0,0.0,2.0,2.0,2.0,9.0,4.0,0.0,1.0,2.0,8.0,4.0,6.0,3.0,9.0,0.0,,0.0,,56.0,,,,,,,,,,,,,,,
86,,North East And Yorkshire,,RX4,"CUMBRIA, NORTHUMBERLAND, TYNE AND WEAR NHS FOUNDATION TRUST",0.0,0.0,0.0,0.0,0.0,0.0,0.0,0.0,0.0,0.0,0.0,0.0,0.0,0.0,0.0,0.0,0.0,0.0,0.0,0.0,0.0,0.0,0.0,0.0,0.0,0.0,0.0,0.0,0.0,0.0,0.0,0.0,0.0,0.0,0.0,0.0,0.0,0.0,2.0,0.0,,0.0,,2.0,,,,,,,,,,,,,,,
87,,North East And Yorkshire,,RP5,DONCASTER AND BASSETLAW TEACHING HOSPITALS NHS FOUNDATION TRUST,0.0,0.0,0.0,0.0,0.0,0.0,0.0,0.0,0.0,0.0,0.0,0.0,0.0,0.0,0.0,0.0,0.0,0.0,0.0,0.0,0.0,0.0,0.0,1.0,0.0,1.0,0.0,0.0,1.0,0.0,1.0,0.0,2.0,2.0,2.0,8.0,4.0,6.0,0.0,0.0,,0.0,,28.0,,,,,,,,,,,,,,,
88,,North East And Yorkshire,,RR7,GATESHEAD HEALTH NHS FOUNDATION TRUST,0.0,0.0,0.0,0.0,0.0,0.0,0.0,0.0,0.0,0.0,0.0,0.0,0.0,0.0,0.0,0.0,0.0,0.0,0.0,0.0,0.0,0.0,0.0,0.0,0.0,0.0,0.0,0.0,1.0,7.0,0.0,0.0,2.0,4.0,1.0,4.0,3.0,1.0,5.0,0.0,,0.0,,28.0,,,,,,,,,,,,,,,
89,,North East And Yorkshire,,RCD,HARROGATE AND DISTRICT NHS FOUNDATION TRUST,0.0,0.0,0.0,0.0,0.0,0.0,0.0,0.0,0.0,0.0,0.0,0.0,0.0,0.0,0.0,0.0,1.0,0.0,0.0,0.0,0.0,0.0,0.0,1.0,0.0,0.0,0.0,0.0,1.0,1.0,1.0,1.0,0.0,0.0,3.0,1.0,3.0,3.0,1.0,0.0,,0.0,,17.0,,,,,,,,,,,,,,,
90,,North East And Yorkshire,,RWA,HULL UNIVERSITY TEACHING HOSPITALS NHS TRUST,0.0,0.0,0.0,0.0,0.0,0.0,0.0,0.0,0.0,0.0,0.0,0.0,0.0,0.0,0.0,0.0,0.0,0.0,0.0,1.0,0.0,0.0,0.0,0.0,0.0,0.0,0.0,1.0,2.0,0.0,0.0,2.0,2.0,1.0,1.0,1.0,5.0,2.0,1.0,0.0,,0.0,,19.0,,,,,,,,,,,,,,,
91,,North East And Yorkshire,,RV9,HUMBER TEACHING NHS FOUNDATION TRUST,0.0,0.0,0.0,0.0,0.0,0.0,0.0,0.0,0.0,0.0,0.0,0.0,0.0,0.0,0.0,0.0,0.0,0.0,0.0,0.0,0.0,0.0,0.0,0.0,0.0,0.0,0.0,0.0,0.0,0.0,0.0,0.0,0.0,0.0,0.0,0.0,0.0,1.0,0.0,0.0,,0.0,,1.0,,,,,,,,,,,,,,,
92,,North East And Yorkshire,,RR8,LEEDS TEACHING HOSPITALS NHS TRUST,0.0,0.0,0.0,0.0,0.0,0.0,0.0,0.0,0.0,0.0,0.0,0.0,0.0,0.0,0.0,0.0,1.0,0.0,0.0,0.0,0.0,1.0,1.0,2.0,0.0,1.0,2.0,5.0,4.0,6.0,3.0,3.0,2.0,6.0,2.0,6.0,6.0,7.0,8.0,2.0,,0.0,,68.0,,,,,,,,,,,,,,,
93,,North East And Yorkshire,,RXF,MID YORKSHIRE HOSPITALS NHS TRUST,0.0,0.0,0.0,0.0,0.0,0.0,0.0,0.0,0.0,0.0,0.0,0.0,0.0,0.0,0.0,1.0,1.0,0.0,0.0,0.0,0.0,0.0,0.0,0.0,0.0,1.0,2.0,2.0,3.0,4.0,4.0,4.0,5.0,7.0,3.0,9.0,5.0,6.0,3.0,2.0,,0.0,,62.0,,,,,,,,,,,,,,,
94,,North East And Yorkshire,,RNN,NORTH CUMBRIA INTEGRATED CARE NHS FOUNDATION TRUST,0.0,0.0,0.0,0.0,0.0,0.0,0.0,0.0,0.0,0.0,0.0,0.0,0.0,0.0,0.0,0.0,0.0,0.0,0.0,2.0,1.0,0.0,0.0,1.0,3.0,4.0,2.0,1.0,4.0,2.0,3.0,2.0,3.0,5.0,7.0,2.0,2.0,3.0,7.0,4.0,,0.0,,58.0,,,,,,,,,,,,,,,
95,,North East And Yorkshire,,RVW,NORTH TEES AND HARTLEPOOL NHS FOUNDATION TRUST,0.0,0.0,0.0,0.0,0.0,0.0,0.0,0.0,0.0,0.0,0.0,0.0,0.0,0.0,0.0,1.0,0.0,0.0,0.0,0.0,1.0,1.0,0.0,0.0,0.0,0.0,0.0,1.0,0.0,3.0,5.0,0.0,1.0,1.0,2.0,0.0,1.0,0.0,0.0,0.0,,0.0,,17.0,,,,,,,,,,,,,,,
96,,North East And Yorkshire,,RJL,NORTHERN LINCOLNSHIRE AND GOOLE NHS FOUNDATION TRUST,0.0,0.0,0.0,0.0,0.0,0.0,0.0,0.0,0.0,0.0,0.0,0.0,0.0,0.0,0.0,0.0,0.0,0.0,0.0,0.0,0.0,0.0,0.0,0.0,0.0,1.0,2.0,0.0,1.0,1.0,1.0,3.0,0.0,0.0,2.0,1.0,0.0,0.0,1.0,1.0,,0.0,,14.0,,,,,,,,,,,,,,,
97,,North East And Yorkshire,,RTF,NORTHUMBRIA HEALTHCARE NHS FOUNDATION TRUST,0.0,0.0,0.0,0.0,0.0,0.0,0.0,0.0,0.0,0.0,0.0,0.0,0.0,0.0,0.0,0.0,0.0,0.0,1.0,0.0,0.0,0.0,0.0,0.0,0.0,2.0,1.0,3.0,1.0,1.0,1.0,2.0,4.0,4.0,7.0,9.0,10.0,3.0,6.0,3.0,,0.0,,58.0,,,,,,,,,,,,,,,
98,,North East And Yorkshire,,TAH,Sheffield Health and Social Care NHS Foundation Trust,0.0,0.0,0.0,0.0,0.0,0.0,0.0,0.0,0.0,0.0,0.0,0.0,0.0,0.0,0.0,0.0,0.0,0.0,0.0,0.0,0.0,0.0,0.0,0.0,0.0,0.0,0.0,0.0,0.0,0.0,0.0,0.0,1.0,0.0,0.0,0.0,0.0,1.0,0.0,0.0,,0.0,,2.0,,,,,,,,,,,,,,,
99,,North East And Yorkshire,,RHQ,SHEFFIELD TEACHING HOSPITALS NHS FOUNDATION TRUST,0.0,0.0,0.0,0.0,0.0,0.0,0.0,0.0,0.0,0.0,0.0,0.0,0.0,0.0,0.0,0.0,0.0,1.0,0.0,0.0,1.0,1.0,1.0,0.0,3.0,3.0,0.0,2.0,1.0,5.0,6.0,3.0,3.0,3.0,12.0,4.0,10.0,3.0,3.0,4.0,,0.0,,69.0,,,,,,,,,,,,,,,
100,,North East And Yorkshire,,RTR,SOUTH TEES HOSPITALS NHS FOUNDATION TRUST,0.0,0.0,0.0,0.0,0.0,0.0,0.0,0.0,0.0,0.0,0.0,0.0,0.0,0.0,0.0,0.0,0.0,0.0,1.0,1.0,0.0,0.0,0.0,0.0,0.0,1.0,0.0,2.0,4.0,6.0,9.0,1.0,10.0,3.0,9.0,5.0,9.0,6.0,6.0,0.0,,0.0,,73.0,,,,,,,,,,,,,,,
101,,North East And Yorkshire,,R0B,SOUTH TYNESIDE AND SUNDERLAND NHS FOUNDATION TRUST,0.0,0.0,0.0,0.0,0.0,0.0,0.0,0.0,0.0,0.0,0.0,0.0,0.0,0.0,0.0,0.0,0.0,0.0,0.0,1.0,0.0,0.0,2.0,2.0,1.0,1.0,3.0,2.0,2.0,2.0,4.0,4.0,8.0,13.0,7.0,16.0,8.0,16.0,10.0,3.0,,0.0,,105.0,,,,,,,,,,,,,,,
102,,North East and Yorkshire,,RX3,"TEES, ESK AND WEAR VALLEYS NHS FOUNDATION TRUST",0.0,0.0,0.0,0.0,0.0,0.0,0.0,0.0,0.0,0.0,0.0,0.0,0.0,0.0,0.0,0.0,0.0,0.0,0.0,0.0,0.0,0.0,0.0,0.0,0.0,0.0,0.0,0.0,0.0,0.0,0.0,0.0,0.0,0.0,1.0,1.0,0.0,0.0,0.0,0.0,,0.0,,2.0,,,,,,,,,,,,,,,
103,,North East And Yorkshire,,RTD,THE NEWCASTLE UPON TYNE HOSPITALS NHS FOUNDATION TRUST,0.0,0.0,0.0,0.0,0.0,0.0,0.0,0.0,0.0,0.0,0.0,0.0,0.0,0.0,0.0,0.0,0.0,0.0,0.0,0.0,0.0,2.0,1.0,0.0,0.0,1.0,1.0,0.0,1.0,1.0,7.0,1.0,1.0,2.0,4.0,4.0,4.0,2.0,2.0,0.0,,0.0,,34.0,,,,,,,,,,,,,,,
104,,North East And Yorkshire,,RFR,THE ROTHERHAM NHS FOUNDATION TRUST,0.0,0.0,0.0,0.0,0.0,0.0,0.0,0.0,0.0,0.0,0.0,0.0,0.0,0.0,0.0,0.0,0.0,0.0,0.0,0.0,0.0,0.0,0.0,0.0,0.0,0.0,0.0,0.0,1.0,1.0,1.0,0.0,1.0,2.0,1.0,3.0,3.0,1.0,2.0,2.0,,0.0,,18.0,,,,,,,,,,,,,,,
105,,North East And Yorkshire,,RCB,YORK TEACHING HOSPITAL NHS FOUNDATION TRUST,0.0,0.0,0.0,0.0,0.0,0.0,0.0,0.0,0.0,0.0,0.0,0.0,0.0,0.0,0.0,0.0,0.0,0.0,0.0,1.0,0.0,0.0,0.0,0.0,0.0,1.0,1.0,2.0,0.0,2.0,2.0,2.0,3.0,1.0,3.0,4.0,3.0,2.0,5.0,1.0,,0.0,,33.0,,,,,,,,,,,,,,,
106,,North West,,RXL,BLACKPOOL TEACHING HOSPITALS NHS FOUNDATION TRUST,0.0,0.0,0.0,0.0,0.0,0.0,0.0,0.0,0.0,0.0,0.0,0.0,0.0,0.0,0.0,0.0,0.0,0.0,0.0,0.0,0.0,0.0,0.0,0.0,0.0,0.0,0.0,0.0,1.0,4.0,2.0,0.0,3.0,5.0,2.0,2.0,4.0,2.0,4.0,1.0,,0.0,,30.0,,,,,,,,,,,,,,,
107,,North West,,RMC,BOLTON NHS FOUNDATION TRUST,0.0,0.0,0.0,0.0,0.0,0.0,0.0,0.0,0.0,0.0,0.0,0.0,0.0,0.0,0.0,0.0,0.0,0.0,0.0,0.0,1.0,0.0,0.0,2.0,2.0,0.0,0.0,0.0,1.0,1.0,2.0,0.0,3.0,2.0,6.0,6.0,11.0,4.0,7.0,1.0,,0.0,,49.0,,,,,,,,,,,,,,,
108,,North West,,RJR,COUNTESS OF CHESTER HOSPITAL NHS FOUNDATION TRUST,0.0,0.0,0.0,0.0,0.0,0.0,0.0,0.0,0.0,0.0,0.0,0.0,1.0,0.0,0.0,0.0,0.0,0.0,0.0,0.0,0.0,0.0,0.0,0.0,1.0,0.0,1.0,1.0,0.0,2.0,1.0,1.0,4.0,2.0,2.0,2.0,3.0,6.0,5.0,1.0,,0.0,,33.0,,,,,,,,,,,,,,,
109,,North West,,RJN,EAST CHESHIRE NHS TRUST,0.0,0.0,0.0,0.0,0.0,0.0,0.0,0.0,0.0,0.0,0.0,0.0,0.0,0.0,0.0,0.0,0.0,0.0,0.0,0.0,0.0,0.0,4.0,0.0,0.0,0.0,0.0,1.0,3.0,0.0,1.0,0.0,3.0,2.0,2.0,0.0,0.0,0.0,0.0,0.0,,0.0,,16.0,,,,,,,,,,,,,,,
110,,North West,,RXR,EAST LANCASHIRE HOSPITALS NHS TRUST,0.0,0.0,0.0,0.0,0.0,0.0,0.0,0.0,0.0,0.0,0.0,0.0,0.0,0.0,0.0,0.0,0.0,0.0,0.0,0.0,1.0,0.0,0.0,1.0,1.0,0.0,0.0,0.0,2.0,1.0,2.0,0.0,4.0,5.0,3.0,3.0,0.0,0.0,0.0,0.0,,0.0,,23.0,,,,,,,,,,,,,,,
111,,North West,,RXN,LANCASHIRE TEACHING HOSPITALS NHS FOUNDATION TRUST,0.0,0.0,0.0,0.0,0.0,0.0,0.0,0.0,0.0,0.0,0.0,0.0,0.0,0.0,0.0,0.0,0.0,0.0,0.0,0.0,0.0,0.0,1.0,1.0,0.0,0.0,0.0,1.0,0.0,2.0,1.0,4.0,1.0,2.0,2.0,3.0,2.0,3.0,1.0,0.0,,0.0,,24.0,,,,,,,,,,,,,,,
112,,North West,,RBQ,LIVERPOOL HEART AND CHEST HOSPITAL NHS FOUNDATION TRUST,0.0,0.0,0.0,0.0,0.0,0.0,0.0,0.0,0.0,0.0,0.0,0.0,0.0,0.0,0.0,0.0,0.0,0.0,0.0,0.0,0.0,0.0,0.0,0.0,0.0,0.0,0.0,0.0,0.0,0.0,0.0,0.0,0.0,0.0,0.0,1.0,0.0,1.0,0.0,1.0,,0.0,,3.0,,,,,,,,,,,,,,,
113,,North West,,REM,LIVERPOOL UNIVERSITY HOSPITALS NHS FOUNDATION TRUST,0.0,0.0,0.0,0.0,0.0,0.0,0.0,0.0,0.0,0.0,0.0,0.0,0.0,0.0,0.0,0.0,0.0,0.0,0.0,1.0,1.0,3.0,1.0,0.0,2.0,2.0,3.0,4.0,3.0,9.0,5.0,1.0,13.0,10.0,9.0,13.0,14.0,6.0,7.0,2.0,,0.0,,109.0,,,,,,,,,,,,,,,
114,,North West,,R0A,MANCHESTER UNIVERSITY NHS FOUNDATION TRUST,0.0,0.0,0.0,0.0,0.0,0.0,0.0,0.0,0.0,0.0,0.0,0.0,1.0,0.0,0.0,1.0,2.0,1.0,1.0,0.0,1.0,1.0,2.0,0.0,2.0,2.0,3.0,0.0,3.0,4.0,6.0,1.0,9.0,8.0,6.0,6.0,6.0,4.0,9.0,5.0,,0.0,,84.0,,,,,,,,,,,,,,,
115,,North West,,RBT,MID CHESHIRE HOSPITALS NHS FOUNDATION TRUST,0.0,0.0,0.0,0.0,0.0,0.0,0.0,0.0,0.0,0.0,0.0,0.0,0.0,0.0,0.0,2.0,0.0,0.0,1.0,0.0,0.0,0.0,0.0,1.0,0.0,1.0,0.0,0.0,0.0,4.0,3.0,1.0,2.0,0.0,2.0,3.0,4.0,6.0,2.0,1.0,,1.0,,34.0,,,,,,,,,,,,,,,
116,,North West,,RW6,PENNINE ACUTE HOSPITALS NHS TRUST,0.0,0.0,0.0,0.0,0.0,1.0,0.0,0.0,1.0,0.0,0.0,0.0,0.0,1.0,1.0,0.0,0.0,0.0,0.0,0.0,0.0,1.0,1.0,1.0,2.0,1.0,6.0,5.0,2.0,6.0,4.0,3.0,3.0,2.0,4.0,3.0,3.0,1.0,7.0,1.0,,0.0,,60.0,,,,,,,,,,,,,,,
117,,North West,,RM3,SALFORD ROYAL NHS FOUNDATION TRUST,0.0,0.0,0.0,0.0,0.0,0.0,0.0,0.0,0.0,0.0,0.0,0.0,0.0,0.0,0.0,0.0,0.0,1.0,0.0,2.0,1.0,1.0,1.0,4.0,4.0,4.0,5.0,1.0,0.0,8.0,5.0,5.0,7.0,2.0,0.0,6.0,4.0,6.0,1.0,2.0,,0.0,,70.0,,,,,,,,,,,,,,,
118,,North West,,RVY,SOUTHPORT AND ORMSKIRK HOSPITAL NHS TRUST,0.0,0.0,0.0,0.0,0.0,0.0,0.0,0.0,0.0,0.0,0.0,0.0,0.0,0.0,0.0,0.0,0.0,0.0,0.0,0.0,0.0,0.0,0.0,0.0,0.0,1.0,0.0,2.0,0.0,4.0,2.0,0.0,3.0,4.0,5.0,5.0,4.0,2.0,5.0,1.0,,0.0,,38.0,,,,,,,,,,,,,,,
119,,North West,,RBN,ST HELENS AND KNOWSLEY TEACHING HOSPITALS NHS TRUST,0.0,0.0,0.0,0.0,0.0,0.0,0.0,0.0,0.0,0.0,0.0,0.0,0.0,0.0,0.0,0.0,0.0,0.0,0.0,0.0,0.0,0.0,1.0,0.0,0.0,0.0,0.0,1.0,3.0,3.0,2.0,2.0,1.0,3.0,4.0,4.0,1.0,4.0,4.0,1.0,,0.0,,34.0,,,,,,,,,,,,,,,
120,,North West,,RWJ,STOCKPORT NHS FOUNDATION TRUST,0.0,0.0,0.0,0.0,0.0,0.0,0.0,0.0,0.0,0.0,0.0,0.0,0.0,0.0,0.0,0.0,0.0,0.0,1.0,1.0,3.0,0.0,1.0,1.0,0.0,0.0,3.0,3.0,0.0,1.0,0.0,4.0,0.0,2.0,0.0,0.0,0.0,3.0,5.0,0.0,,0.0,,28.0,,,,,,,,,,,,,,,
121,,North West,,RMP,TAMESIDE AND GLOSSOP INTEGRATED CARE NHS FOUNDATION TRUST,0.0,0.0,0.0,0.0,0.0,0.0,0.0,0.0,0.0,0.0,0.0,0.0,0.0,1.0,0.0,0.0,1.0,0.0,1.0,0.0,1.0,1.0,0.0,2.0,2.0,1.0,0.0,0.0,3.0,3.0,3.0,0.0,2.0,3.0,5.0,3.0,1.0,5.0,0.0,0.0,,0.0,,38.0,,,,,,,,,,,,,,,
122,,North West,,RBV,THE CHRISTIE NHS FOUNDATION TRUST,0.0,0.0,0.0,0.0,0.0,0.0,0.0,0.0,0.0,0.0,0.0,0.0,0.0,0.0,0.0,0.0,0.0,0.0,0.0,0.0,0.0,0.0,0.0,1.0,0.0,0.0,0.0,0.0,0.0,0.0,0.0,0.0,1.0,0.0,0.0,0.0,0.0,0.0,0.0,0.0,,0.0,,2.0,,,,,,,,,,,,,,,
123,,North West,,RET,THE WALTON CENTRE NHS FOUNDATION TRUST,0.0,0.0,0.0,0.0,0.0,0.0,0.0,0.0,0.0,0.0,0.0,0.0,0.0,0.0,0.0,0.0,0.0,0.0,0.0,0.0,0.0,0.0,0.0,0.0,0.0,0.0,0.0,0.0,0.0,0.0,0.0,0.0,0.0,0.0,1.0,0.0,0.0,0.0,0.0,0.0,,0.0,,1.0,,,,,,,,,,,,,,,
124,,North West,,RTX,UNIVERSITY HOSPITALS OF MORECAMBE BAY NHS FOUNDATION TRUST,0.0,0.0,0.0,0.0,0.0,0.0,0.0,0.0,0.0,0.0,0.0,0.0,0.0,0.0,0.0,0.0,0.0,0.0,0.0,1.0,0.0,1.0,2.0,1.0,2.0,3.0,3.0,4.0,2.0,1.0,7.0,1.0,7.0,15.0,6.0,7.0,7.0,4.0,2.0,0.0,,0.0,,76.0,,,,,,,,,,,,,,,
125,,North West,,RWW,WARRINGTON AND HALTON TEACHING HOSPITALS NHS FOUNDATION TRUST,0.0,0.0,0.0,0.0,0.0,0.0,0.0,0.0,0.0,0.0,0.0,0.0,0.0,0.0,0.0,0.0,0.0,0.0,0.0,1.0,0.0,0.0,0.0,0.0,0.0,0.0,0.0,1.0,1.0,0.0,1.0,1.0,2.0,2.0,4.0,3.0,2.0,2.0,0.0,0.0,,0.0,,20.0,,,,,,,,,,,,,,,
126,,North West,,RBL,WIRRAL UNIVERSITY TEACHING HOSPITAL NHS FOUNDATION TRUST,0.0,0.0,0.0,0.0,0.0,0.0,0.0,0.0,0.0,0.0,0.0,0.0,0.0,0.0,0.0,1.0,0.0,0.0,0.0,0.0,1.0,0.0,0.0,0.0,0.0,2.0,3.0,2.0,1.0,3.0,7.0,2.0,6.0,2.0,4.0,3.0,5.0,3.0,2.0,0.0,,0.0,,47.0,,,,,,,,,,,,,,,
127,,North West,,RRF,"WRIGHTINGTON, WIGAN AND LEIGH NHS FOUNDATION TRUST",0.0,0.0,0.0,0.0,0.0,0.0,0.0,0.0,0.0,0.0,0.0,0.0,0.0,0.0,0.0,0.0,0.0,0.0,0.0,0.0,0.0,0.0,0.0,0.0,0.0,0.0,0.0,0.0,0.0,3.0,0.0,1.0,4.0,2.0,3.0,4.0,0.0,4.0,6.0,1.0,,0.0,,28.0,,,,,,,,,,,,,,,
128,,South East,,RTK,ASHFORD AND ST PETER'S HOSPITALS NHS FOUNDATION TRUST,0.0,0.0,0.0,0.0,0.0,0.0,0.0,0.0,0.0,0.0,0.0,0.0,0.0,0.0,0.0,0.0,2.0,0.0,0.0,0.0,1.0,0.0,0.0,0.0,2.0,0.0,1.0,2.0,1.0,7.0,2.0,2.0,3.0,3.0,5.0,5.0,0.0,2.0,1.0,0.0,,0.0,,39.0,,,,,,,,,,,,,,,
129,,South East,,RWX,BERKSHIRE HEALTHCARE NHS FOUNDATION TRUST,0.0,0.0,0.0,0.0,0.0,0.0,0.0,0.0,0.0,0.0,0.0,0.0,0.0,0.0,0.0,0.0,0.0,0.0,0.0,0.0,0.0,0.0,0.0,0.0,0.0,0.0,0.0,0.0,0.0,0.0,0.0,0.0,0.0,0.0,1.0,0.0,0.0,0.0,0.0,0.0,,0.0,,1.0,,,,,,,,,,,,,,,
130,,South East,,RXH,BRIGHTON AND SUSSEX UNIVERSITY HOSPITALS NHS TRUST,0.0,0.0,0.0,0.0,0.0,0.0,0.0,0.0,0.0,0.0,0.0,0.0,0.0,0.0,0.0,0.0,0.0,0.0,0.0,1.0,0.0,1.0,0.0,0.0,2.0,0.0,0.0,2.0,4.0,0.0,2.0,0.0,2.0,0.0,2.0,2.0,3.0,3.0,1.0,0.0,,0.0,,25.0,,,,,,,,,,,,,,,
131,,South East,,RXQ,BUCKINGHAMSHIRE HEALTHCARE NHS TRUST,0.0,0.0,0.0,1.0,0.0,0.0,0.0,0.0,1.0,0.0,0.0,1.0,0.0,0.0,0.0,1.0,1.0,0.0,0.0,0.0,0.0,0.0,2.0,2.0,0.0,0.0,0.0,1.0,0.0,5.0,3.0,0.0,0.0,2.0,0.0,1.0,1.0,0.0,2.0,0.0,,0.0,,24.0,,,,,,,,,,,,,,,
132,,South East,,RN7,DARTFORD AND GRAVESHAM NHS TRUST,0.0,0.0,0.0,0.0,0.0,0.0,0.0,0.0,0.0,0.0,0.0,0.0,0.0,0.0,0.0,0.0,0.0,0.0,0.0,0.0,0.0,0.0,3.0,0.0,0.0,2.0,2.0,1.0,1.0,0.0,2.0,2.0,0.0,0.0,0.0,0.0,0.0,0.0,0.0,0.0,,0.0,,13.0,,,,,,,,,,,,,,,
133,,South East,,RVV,EAST KENT HOSPITALS UNIVERSITY NHS FOUNDATION TRUST,0.0,0.0,0.0,0.0,0.0,0.0,0.0,0.0,0.0,0.0,0.0,0.0,0.0,0.0,0.0,0.0,0.0,0.0,0.0,0.0,0.0,0.0,1.0,0.0,1.0,0.0,1.0,2.0,2.0,1.0,5.0,1.0,4.0,5.0,3.0,6.0,6.0,9.0,8.0,1.0,,0.0,,56.0,,,,,,,,,,,,,,,
134,,South East,,RXC,EAST SUSSEX HEALTHCARE NHS TRUST,0.0,0.0,0.0,0.0,0.0,0.0,0.0,0.0,0.0,0.0,0.0,0.0,0.0,0.0,0.0,0.0,0.0,1.0,0.0,0.0,1.0,0.0,1.0,2.0,0.0,0.0,1.0,1.0,0.0,3.0,1.0,1.0,1.0,0.0,5.0,2.0,2.0,0.0,1.0,1.0,,0.0,,24.0,,,,,,,,,,,,,,,
135,,South East,,RDU,FRIMLEY HEALTH NHS FOUNDATION TRUST,0.0,0.0,0.0,0.0,0.0,1.0,0.0,0.0,0.0,0.0,1.0,0.0,0.0,1.0,0.0,2.0,1.0,2.0,3.0,4.0,2.0,1.0,5.0,5.0,6.0,4.0,1.0,4.0,3.0,11.0,4.0,5.0,8.0,8.0,11.0,11.0,9.0,8.0,2.0,2.0,,0.0,,125.0,,,,,,,,,,,,,,,
136,,South East,,RN5,HAMPSHIRE HOSPITALS NHS FOUNDATION TRUST,0.0,0.0,0.0,0.0,0.0,0.0,0.0,0.0,0.0,0.0,0.0,0.0,0.0,0.0,0.0,2.0,0.0,0.0,0.0,0.0,1.0,0.0,3.0,0.0,1.0,3.0,2.0,2.0,3.0,1.0,2.0,3.0,2.0,4.0,4.0,5.0,3.0,2.0,4.0,2.0,,0.0,,49.0,,,,,,,,,,,,,,,
137,,South East,,R1F,ISLE OF WIGHT NHS TRUST,0.0,0.0,0.0,0.0,0.0,0.0,0.0,0.0,0.0,0.0,0.0,0.0,0.0,0.0,0.0,0.0,0.0,0.0,0.0,0.0,0.0,0.0,1.0,0.0,0.0,1.0,0.0,0.0,0.0,0.0,0.0,0.0,1.0,0.0,1.0,0.0,1.0,1.0,0.0,1.0,,0.0,,7.0,,,,,,,,,,,,,,,
138,,South East,,RXY,KENT AND MEDWAY NHS AND SOCIAL CARE PARTNERSHIP TRUST,0.0,0.0,0.0,0.0,0.0,0.0,0.0,0.0,0.0,0.0,0.0,0.0,0.0,0.0,0.0,0.0,0.0,0.0,0.0,0.0,0.0,0.0,0.0,0.0,0.0,0.0,0.0,0.0,0.0,0.0,0.0,0.0,0.0,0.0,0.0,0.0,0.0,1.0,0.0,0.0,,0.0,,1.0,,,,,,,,,,,,,,,
139,,South East,,RYY,KENT COMMUNITY HEALTH NHS FOUNDATION TRUST,0.0,0.0,0.0,0.0,0.0,0.0,0.0,0.0,0.0,0.0,0.0,0.0,0.0,0.0,0.0,0.0,0.0,0.0,0.0,0.0,0.0,0.0,0.0,0.0,0.0,0.0,0.0,0.0,0.0,0.0,0.0,0.0,1.0,0.0,1.0,0.0,0.0,0.0,2.0,1.0,,0.0,,5.0,,,,,,,,,,,,,,,
140,,South East,,RWF,MAIDSTONE AND TUNBRIDGE WELLS NHS TRUST,0.0,0.0,0.0,0.0,0.0,0.0,0.0,0.0,0.0,0.0,0.0,0.0,0.0,0.0,0.0,0.0,0.0,0.0,1.0,0.0,0.0,0.0,1.0,0.0,1.0,2.0,0.0,3.0,0.0,7.0,3.0,2.0,3.0,0.0,2.0,2.0,1.0,4.0,1.0,0.0,,0.0,,33.0,,,,,,,,,,,,,,,
141,,South East,,RPA,MEDWAY NHS FOUNDATION TRUST,0.0,0.0,0.0,0.0,0.0,0.0,0.0,0.0,0.0,0.0,0.0,0.0,0.0,0.0,0.0,0.0,0.0,0.0,0.0,1.0,0.0,0.0,0.0,0.0,0.0,2.0,0.0,2.0,0.0,1.0,0.0,1.0,3.0,0.0,0.0,3.0,2.0,1.0,0.0,0.0,,0.0,,16.0,,,,,,,,,,,,,,,
142,,South East,,RNU,OXFORD HEALTH NHS FOUNDATION TRUST,0.0,0.0,0.0,0.0,0.0,0.0,0.0,0.0,0.0,0.0,0.0,0.0,0.0,0.0,0.0,0.0,0.0,0.0,0.0,0.0,0.0,0.0,0.0,0.0,0.0,0.0,0.0,1.0,0.0,2.0,0.0,0.0,1.0,1.0,0.0,0.0,0.0,0.0,0.0,0.0,,0.0,,5.0,,,,,,,,,,,,,,,
143,,South East,,RTH,OXFORD UNIVERSITY HOSPITALS NHS FOUNDATION TRUST,0.0,0.0,0.0,0.0,0.0,0.0,0.0,0.0,0.0,0.0,0.0,0.0,0.0,0.0,0.0,0.0,1.0,0.0,0.0,0.0,2.0,0.0,0.0,1.0,1.0,2.0,3.0,3.0,1.0,5.0,5.0,3.0,5.0,5.0,1.0,3.0,2.0,4.0,4.0,0.0,,0.0,,51.0,,,,,,,,,,,,,,,
144,,South East,,RHU,PORTSMOUTH HOSPITALS NHS TRUST,0.0,0.0,0.0,0.0,0.0,0.0,0.0,0.0,0.0,0.0,0.0,0.0,0.0,0.0,1.0,0.0,1.0,2.0,2.0,0.0,2.0,0.0,0.0,6.0,4.0,3.0,9.0,3.0,4.0,5.0,9.0,0.0,9.0,7.0,5.0,2.0,3.0,4.0,2.0,2.0,,0.0,,85.0,,,,,,,,,,,,,,,
145,,South East,,RHW,ROYAL BERKSHIRE NHS FOUNDATION TRUST,0.0,0.0,0.0,0.0,0.0,1.0,0.0,0.0,0.0,0.0,0.0,0.0,0.0,0.0,0.0,0.0,0.0,0.0,2.0,1.0,1.0,0.0,0.0,1.0,0.0,0.0,3.0,3.0,1.0,1.0,3.0,2.0,3.0,1.0,3.0,4.0,3.0,3.0,0.0,0.0,,0.0,,36.0,,,,,,,,,,,,,,,
146,,South East,,RA2,ROYAL SURREY COUNTY HOSPITAL NHS FOUNDATION TRUST,0.0,0.0,0.0,0.0,0.0,0.0,0.0,0.0,0.0,0.0,0.0,0.0,0.0,0.0,0.0,0.0,1.0,1.0,0.0,1.0,0.0,0.0,0.0,0.0,0.0,2.0,1.0,0.0,0.0,5.0,5.0,0.0,2.0,1.0,0.0,1.0,2.0,1.0,5.0,1.0,,0.0,,29.0,,,,,,,,,,,,,,,
147,,South East,,RW1,SOUTHERN HEALTH NHS FOUNDATION TRUST,0.0,0.0,0.0,0.0,0.0,0.0,0.0,0.0,0.0,0.0,0.0,0.0,0.0,0.0,0.0,0.0,0.0,0.0,0.0,0.0,0.0,0.0,0.0,0.0,0.0,0.0,1.0,0.0,0.0,0.0,0.0,0.0,0.0,0.0,0.0,0.0,1.0,1.0,0.0,0.0,,0.0,,3.0,,,,,,,,,,,,,,,
148,,South East,,RTP,SURREY AND SUSSEX HEALTHCARE NHS TRUST,0.0,0.0,0.0,0.0,0.0,0.0,0.0,0.0,0.0,0.0,0.0,0.0,0.0,0.0,0.0,0.0,1.0,0.0,1.0,0.0,0.0,1.0,3.0,1.0,0.0,0.0,2.0,2.0,3.0,5.0,5.0,1.0,4.0,5.0,4.0,11.0,11.0,7.0,4.0,5.0,,0.0,,76.0,,,,,,,,,,,,,,,
149,,South East,,RDR,SUSSEX COMMUNITY NHS FOUNDATION TRUST,0.0,0.0,0.0,0.0,0.0,0.0,0.0,0.0,0.0,0.0,0.0,0.0,0.0,0.0,0.0,0.0,0.0,0.0,0.0,0.0,0.0,0.0,0.0,1.0,0.0,0.0,0.0,0.0,0.0,1.0,2.0,0.0,0.0,0.0,0.0,0.0,1.0,1.0,0.0,0.0,,0.0,,6.0,,,,,,,,,,,,,,,
150,,South East,,RHM,UNIVERSITY HOSPITAL SOUTHAMPTON NHS FOUNDATION TRUST,0.0,0.0,0.0,0.0,0.0,0.0,1.0,0.0,0.0,0.0,0.0,0.0,0.0,0.0,0.0,2.0,0.0,1.0,0.0,0.0,0.0,0.0,1.0,0.0,2.0,2.0,2.0,4.0,4.0,7.0,4.0,3.0,0.0,0.0,3.0,2.0,3.0,1.0,3.0,0.0,,0.0,,45.0,,,,,,,,,,,,,,,
151,,South East,,RYR,WESTERN SUSSEX HOSPITALS NHS FOUNDATION TRUST,0.0,0.0,0.0,0.0,0.0,0.0,0.0,0.0,0.0,0.0,0.0,0.0,0.0,0.0,0.0,0.0,0.0,0.0,0.0,1.0,0.0,0.0,0.0,1.0,0.0,0.0,2.0,1.0,0.0,0.0,5.0,1.0,3.0,1.0,2.0,2.0,4.0,4.0,2.0,0.0,,0.0,,29.0,,,,,,,,,,,,,,,
152,,South West,,RJ8,CORNWALL PARTNERSHIP NHS FOUNDATION TRUST,0.0,0.0,0.0,0.0,0.0,0.0,0.0,0.0,0.0,0.0,0.0,0.0,0.0,0.0,0.0,0.0,0.0,0.0,0.0,0.0,0.0,0.0,0.0,0.0,0.0,0.0,0.0,0.0,0.0,0.0,0.0,0.0,0.0,1.0,1.0,0.0,0.0,0.0,0.0,0.0,,0.0,,2.0,,,,,,,,,,,,,,,
153,,South West,,RBD,DORSET COUNTY HOSPITAL NHS FOUNDATION TRUST,0.0,0.0,0.0,0.0,0.0,0.0,0.0,0.0,0.0,0.0,0.0,0.0,0.0,0.0,0.0,0.0,0.0,0.0,0.0,0.0,0.0,1.0,0.0,0.0,1.0,1.0,1.0,1.0,0.0,0.0,0.0,0.0,1.0,0.0,1.0,1.0,0.0,2.0,2.0,0.0,,0.0,,12.0,,,,,,,,,,,,,,,
154,,South West,,RDY,DORSET HEALTHCARE UNIVERSITY NHS FOUNDATION TRUST,0.0,0.0,0.0,0.0,0.0,0.0,0.0,0.0,0.0,0.0,0.0,0.0,0.0,0.0,0.0,0.0,0.0,0.0,0.0,0.0,0.0,0.0,0.0,0.0,0.0,1.0,0.0,0.0,0.0,0.0,0.0,0.0,0.0,1.0,0.0,2.0,0.0,0.0,0.0,0.0,,0.0,,4.0,,,,,,,,,,,,,,,
155,,South West,,RTQ,GLOUCESTERSHIRE HEALTH AND CARE NHS FOUNDATION TRUST,0.0,0.0,0.0,0.0,0.0,0.0,0.0,0.0,0.0,0.0,0.0,0.0,0.0,0.0,0.0,0.0,0.0,0.0,0.0,0.0,0.0,0.0,0.0,0.0,0.0,0.0,0.0,0.0,0.0,0.0,0.0,0.0,0.0,0.0,0.0,0.0,1.0,0.0,0.0,1.0,,0.0,,2.0,,,,,,,,,,,,,,,
156,,South West,,RTE,GLOUCESTERSHIRE HOSPITALS NHS FOUNDATION TRUST,0.0,0.0,0.0,0.0,0.0,0.0,0.0,0.0,0.0,0.0,0.0,0.0,0.0,0.0,0.0,0.0,0.0,0.0,0.0,1.0,0.0,0.0,0.0,0.0,0.0,1.0,2.0,0.0,4.0,6.0,4.0,2.0,3.0,3.0,3.0,7.0,7.0,6.0,5.0,3.0,,0.0,,57.0,,,,,,,,,,,,,,,
157,,South West,,RN3,GREAT WESTERN HOSPITALS NHS FOUNDATION TRUST,0.0,0.0,0.0,0.0,0.0,0.0,0.0,0.0,0.0,0.0,0.0,0.0,0.0,0.0,0.0,0.0,0.0,0.0,0.0,1.0,0.0,0.0,1.0,1.0,0.0,0.0,1.0,1.0,1.0,0.0,1.0,0.0,2.0,2.0,3.0,4.0,2.0,3.0,4.0,0.0,,0.0,,27.0,,,,,,,,,,,,,,,
158,,South West,,RVJ,NORTH BRISTOL NHS TRUST,0.0,0.0,0.0,0.0,0.0,0.0,0.0,0.0,0.0,0.0,0.0,0.0,0.0,0.0,0.0,0.0,0.0,0.0,0.0,0.0,0.0,1.0,1.0,1.0,1.0,2.0,1.0,0.0,3.0,3.0,1.0,0.0,1.0,6.0,3.0,2.0,1.0,1.0,4.0,0.0,,0.0,,32.0,,,,,,,,,,,,,,,
159,,South West,,RBZ,NORTHERN DEVON HEALTHCARE NHS TRUST,0.0,0.0,0.0,0.0,0.0,0.0,0.0,0.0,0.0,0.0,0.0,0.0,0.0,0.0,0.0,0.0,0.0,0.0,0.0,0.0,0.0,0.0,0.0,0.0,0.0,0.0,0.0,0.0,0.0,0.0,0.0,0.0,0.0,0.0,0.0,0.0,0.0,1.0,0.0,1.0,,0.0,,2.0,,,,,,,,,,,,,,,
160,,South West,,RD3,POOLE HOSPITAL NHS FOUNDATION TRUST,0.0,0.0,0.0,0.0,0.0,0.0,0.0,0.0,0.0,0.0,0.0,0.0,0.0,0.0,0.0,0.0,0.0,0.0,0.0,0.0,0.0,0.0,0.0,0.0,0.0,0.0,2.0,1.0,1.0,2.0,0.0,1.0,0.0,0.0,2.0,2.0,3.0,1.0,3.0,0.0,,0.0,,18.0,,,,,,,,,,,,,,,
161,,South West,,REF,ROYAL CORNWALL HOSPITALS NHS TRUST,0.0,0.0,0.0,0.0,0.0,0.0,0.0,0.0,0.0,0.0,0.0,0.0,0.0,0.0,0.0,0.0,0.0,1.0,1.0,1.0,0.0,2.0,2.0,0.0,1.0,0.0,0.0,2.0,1.0,3.0,5.0,1.0,1.0,0.0,3.0,3.0,2.0,2.0,0.0,1.0,,0.0,,32.0,,,,,,,,,,,,,,,
162,,South West,,RH8,ROYAL DEVON AND EXETER NHS FOUNDATION TRUST,0.0,0.0,0.0,0.0,0.0,0.0,0.0,0.0,0.0,0.0,0.0,0.0,0.0,0.0,0.0,0.0,0.0,0.0,0.0,0.0,0.0,0.0,1.0,1.0,0.0,0.0,1.0,1.0,2.0,2.0,0.0,1.0,1.0,0.0,2.0,1.0,1.0,1.0,1.0,1.0,,0.0,,17.0,,,,,,,,,,,,,,,
163,,South West,,RD1,ROYAL UNITED HOSPITALS BATH NHS FOUNDATION TRUST,0.0,0.0,0.0,0.0,0.0,0.0,0.0,0.0,0.0,0.0,0.0,0.0,0.0,0.0,0.0,0.0,0.0,0.0,1.0,0.0,0.0,2.0,0.0,1.0,3.0,0.0,0.0,4.0,1.0,0.0,2.0,3.0,2.0,2.0,0.0,6.0,1.0,2.0,2.0,0.0,,0.0,,32.0,,,,,,,,,,,,,,,
164,,South West,,RNZ,SALISBURY NHS FOUNDATION TRUST,0.0,0.0,0.0,0.0,0.0,0.0,0.0,0.0,0.0,0.0,0.0,1.0,0.0,0.0,0.0,0.0,0.0,0.0,0.0,0.0,0.0,0.0,0.0,0.0,0.0,1.0,0.0,0.0,1.0,1.0,1.0,1.0,4.0,1.0,1.0,2.0,3.0,0.0,2.0,0.0,,0.0,,19.0,,,,,,,,,,,,,,,
165,,South West,,RH5,SOMERSET PARTNERSHIP NHS FOUNDATION TRUST,0.0,0.0,0.0,0.0,0.0,0.0,0.0,0.0,0.0,0.0,0.0,0.0,0.0,0.0,0.0,0.0,0.0,0.0,0.0,0.0,0.0,0.0,0.0,0.0,0.0,0.0,0.0,0.0,0.0,0.0,1.0,0.0,1.0,0.0,0.0,0.0,0.0,0.0,0.0,0.0,,0.0,,2.0,,,,,,,,,,,,,,,
166,,South West,,RBA,TAUNTON AND SOMERSET NHS FOUNDATION TRUST,0.0,0.0,0.0,0.0,0.0,0.0,0.0,0.0,0.0,0.0,0.0,0.0,0.0,0.0,0.0,0.0,0.0,0.0,0.0,0.0,0.0,0.0,0.0,0.0,0.0,1.0,1.0,1.0,1.0,2.0,0.0,0.0,0.0,0.0,0.0,2.0,2.0,1.0,0.0,0.0,,0.0,,11.0,,,,,,,,,,,,,,,
167,,South West,,RDZ,THE ROYAL BOURNEMOUTH AND CHRISTCHURCH HOSPITALS NHS FOUNDATION TRUST,0.0,0.0,0.0,0.0,0.0,0.0,0.0,0.0,0.0,0.0,0.0,0.0,0.0,0.0,0.0,0.0,0.0,0.0,0.0,0.0,0.0,0.0,0.0,0.0,0.0,1.0,0.0,2.0,1.0,0.0,2.0,0.0,2.0,1.0,4.0,0.0,1.0,2.0,4.0,0.0,,0.0,,20.0,,,,,,,,,,,,,,,
168,,South West,,RA9,TORBAY AND SOUTH DEVON NHS FOUNDATION TRUST,0.0,0.0,0.0,0.0,0.0,0.0,0.0,0.0,0.0,0.0,0.0,0.0,0.0,0.0,0.0,0.0,0.0,1.0,0.0,1.0,1.0,0.0,0.0,0.0,0.0,0.0,0.0,0.0,2.0,1.0,3.0,1.0,4.0,0.0,1.0,2.0,2.0,0.0,0.0,0.0,,0.0,,19.0,,,,,,,,,,,,,,,
169,,South West,,RA7,UNIVERSITY HOSPITALS BRISTOL NHS FOUNDATION TRUST,0.0,0.0,0.0,0.0,0.0,0.0,0.0,0.0,0.0,0.0,0.0,0.0,0.0,0.0,2.0,0.0,0.0,0.0,0.0,0.0,2.0,0.0,0.0,2.0,0.0,1.0,2.0,1.0,2.0,1.0,2.0,2.0,0.0,0.0,0.0,3.0,3.0,7.0,2.0,1.0,,0.0,,33.0,,,,,,,,,,,,,,,
170,,South West,,RK9,UNIVERSITY HOSPITALS PLYMOUTH NHS TRUST,0.0,0.0,0.0,0.0,0.0,0.0,0.0,0.0,0.0,0.0,0.0,0.0,0.0,0.0,0.0,0.0,0.0,0.0,0.0,0.0,0.0,0.0,2.0,0.0,1.0,0.0,0.0,0.0,1.0,1.0,3.0,0.0,1.0,2.0,2.0,2.0,2.0,1.0,1.0,0.0,,0.0,,19.0,,,,,,,,,,,,,,,
171,,South West,,RA3,WESTON AREA HEALTH NHS TRUST,0.0,0.0,0.0,0.0,0.0,0.0,0.0,0.0,0.0,0.0,0.0,0.0,0.0,0.0,0.0,0.0,0.0,0.0,0.0,0.0,0.0,0.0,0.0,2.0,0.0,0.0,0.0,0.0,0.0,0.0,0.0,0.0,0.0,0.0,1.0,0.0,0.0,0.0,0.0,0.0,,0.0,,3.0,,,,,,,,,,,,,,,
172,,South West,,RA4,YEOVIL DISTRICT HOSPITAL NHS FOUNDATION TRUST,0.0,0.0,0.0,0.0,0.0,0.0,0.0,0.0,0.0,0.0,0.0,0.0,0.0,0.0,0.0,0.0,0.0,0.0,0.0,0.0,1.0,0.0,0.0,0.0,0.0,0.0,0.0,0.0,0.0,0.0,0.0,1.0,0.0,1.0,0.0,0.0,0.0,1.0,1.0,0.0,,0.0,,5.0,,,,,,,,,,,,,,,
